frame,frame_difference,global_motion,face_motion,head_motion,upper_body_motion,arm_motion,mouth_motion,motion_intensity
0,0,0,0,0,0,0,0,0
1,0.0074021109669357935,0.3031303882598877,0.4566642642021179,0.3927191197872162,0.24653373658657074,0.2716464549303055,0.4357650876045227,0.32988311007618903
2,0.0060201004421376395,0.32979413866996765,0.7108165621757507,0.5127262473106384,0.2627412676811218,0.2455715388059616,0.8477417230606079,0.4268319447338581
3,0.007772521386005382,0.4096311032772064,1.2311077117919922,0.8352901339530945,0.30131641030311584,0.21468304097652435,1.5021218061447144,0.6272816510498523
4,0.008616577758554402,0.47063586115837097,1.2548844814300537,0.8769465088844299,0.3218117952346802,0.23358479887247086,1.5301988124847412,0.6640609533339739
5,0.005704386534025375,0.2882586717605591,0.7701279520988464,0.503650426864624,0.1855977326631546,0.1523660123348236,0.9083272218704224,0.39353617191314694
6,0.005123600297962321,0.25005772709846497,0.49797651171684265,0.3408099412918091,0.172252357006073,0.1523498222231865,0.4708065092563629,0.2752427875250578
7,0.004906586409073433,0.23662608861923218,0.5080180168151855,0.3657946288585663,0.15213337540626526,0.12813102826476097,0.5636826157569885,0.28432385411113503
8,0.004389597750865052,0.2056940495967865,0.411906361579895,0.3042309284210205,0.15234848856925964,0.11182743310928345,0.4605632424354553,0.24299912244081495
9,0.004986633746635909,0.20032572746276855,0.2072925716638565,0.18805450201034546,0.1362256109714508,0.15183784067630768,0.10873005539178848,0.16373760856688022
10,0.004292429594386774,0.17796960473060608,0.225888192653656,0.19648601114749908,0.16116522252559662,0.16547001525759697,0.28012919425964355,0.19277292575687172
11,0.005244106833910034,0.24665284156799316,0.5725619792938232,0.37536314129829407,0.14689970016479492,0.14147097617387772,0.692895770072937,0.30993037320673467
12,0.006596891820453672,0.29519134759902954,0.8022485971450806,0.5181760191917419,0.1791149228811264,0.1497323364019394,1.0165573358535767,0.4135206253826618
13,0.004651606353325645,0.19027279317378998,0.5896647572517395,0.3647129237651825,0.15202288329601288,0.10194181278347969,0.8573713898658752,0.31204636488109827
14,0.008657637687427912,0.36851897835731506,0.40298938751220703,0.37941575050354004,0.1420210599899292,0.18640979379415512,0.1829577386379242,0.271680798754096
15,0.00496969314686659,0.19182223081588745,0.24703051149845123,0.20963452756404877,0.11949945241212845,0.137959323823452,0.28390049934387207,0.18791225098073483
16,0.005321150519031142,0.23865167796611786,0.4273536801338196,0.28787389397621155,0.1284211277961731,0.15120429545640945,0.4661790132522583,0.25037877820432186
17,0.006762543252595155,0.2810078263282776,0.5843597054481506,0.4152300953865051,0.17179027199745178,0.16334673017263412,0.6351426243782043,0.3280220671743155
18,0.004794279844290658,0.19957235455513,0.3950725793838501,0.28921568393707275,0.12961192429065704,0.13084879517555237,0.4223784804344177,0.23112822324037552
19,0.003229016484044598,0.12860538065433502,0.1878243386745453,0.14233578741550446,0.10171300172805786,0.12526357918977737,0.23189561069011688,0.14212278239428996
20,0.003389471597462514,0.11430279165506363,0.13958336412906647,0.11281581968069077,0.08726510405540466,0.11117356270551682,0.14920088648796082,0.11376701019704342
21,0.00433655324875048,0.16564826667308807,0.2572405934333801,0.19463419914245605,0.12377805262804031,0.13391698896884918,0.2526904344558716,0.1730201192200184
22,0.005445802095347943,0.22626250982284546,0.34848499298095703,0.27755042910575867,0.12048958986997604,0.1593319997191429,0.2918989360332489,0.21851264126598835
23,0.005273482554786621,0.19211368262767792,0.309831827878952,0.25391870737075806,0.08975475281476974,0.1234724260866642,0.1733597218990326,0.17465822372585535
24,0.003606095011534025,0.12536753714084625,0.19017642736434937,0.13244923949241638,0.08376787602901459,0.11655087023973465,0.18067055940628052,0.12644664369523526
25,0.008439872885428681,0.374114990234375,0.6020072102546692,0.43768027424812317,0.13153384625911713,0.17081814259290695,0.49149221181869507,0.3293878244608641
26,0.004671009948096886,0.21067526936531067,0.3939875662326813,0.2716171443462372,0.10686172544956207,0.11748726293444633,0.4775780141353607,0.23141775082796812
27,0.0033949382449058054,0.13476480543613434,0.19493481516838074,0.14028573036193848,0.06948379427194595,0.09629158303141594,0.15403532981872559,0.12074458550661801
28,0.0038784361783929257,0.12535901367664337,0.17006170749664307,0.1422063112258911,0.08668864518404007,0.10232872515916824,0.144267737865448,0.12153133131563662
29,0.003544820501730104,0.12834613025188446,0.2514834702014923,0.1627098172903061,0.09316636621952057,0.11212583258748055,0.4749491810798645,0.1798377015069127
30,0.004430747789311803,0.19644103944301605,0.49880337715148926,0.3110668659210205,0.1168539822101593,0.09682989120483398,0.9128706455230713,0.30130237147212025
31,0.003612552864282968,0.14080840349197388,0.2938639521598816,0.20652493834495544,0.11092228442430496,0.0866495631635189,0.3313548266887665,0.1712329963967204
32,0.0034633914840445984,0.1497093290090561,0.24765463173389435,0.17634132504463196,0.10062088072299957,0.10252227261662483,0.3400859832763672,0.16806610587984325
33,0.003479731353325644,0.1271437257528305,0.16304007172584534,0.12903106212615967,0.07809988409280777,0.08381915092468262,0.2111082673072815,0.1240171718597412
34,0.002693495290272972,0.09600112587213516,0.10987748950719833,0.09063401073217392,0.08068952709436417,0.10068461112678051,0.1537427008152008,0.10136068804189563
35,0.003629944011918493,0.1390557438135147,0.2305745929479599,0.16218627989292145,0.08072707056999207,0.09987644106149673,0.1903441995382309,0.1353720035403967
36,0.003609188773548635,0.12585343420505524,0.205557182431221,0.15145249664783478,0.07873444259166718,0.08312349580228329,0.16723476350307465,0.12271489119157195
37,0.0029576965590157635,0.10184453427791595,0.1597081571817398,0.11868181824684143,0.08691547065973282,0.07872755452990532,0.1434958279132843,0.10568443130701781
38,0.00327506247597078,0.13603200018405914,0.19036929309368134,0.14719578623771667,0.08054956793785095,0.08396818488836288,0.17004849016666412,0.12508773379027843
39,0.0030482867166474435,0.10982104390859604,0.1960572898387909,0.1455957144498825,0.09253926575183868,0.0937607865780592,0.224326491355896,0.13009956484660506
40,0.0038070994329104193,0.13989682495594025,0.30952388048171997,0.19859053194522858,0.10905974358320236,0.10968794114887714,0.4072912037372589,0.18399322362616657
41,0.004115724721261054,0.15311436355113983,0.3509105145931244,0.2445230931043625,0.10929873585700989,0.09335509315133095,0.3930719494819641,0.19391429487615824
42,0.002891075547866205,0.12099315226078033,0.23685303330421448,0.16296906769275665,0.10997806489467621,0.08716519922018051,0.3064518868923187,0.15157247357070447
43,0.003240910947712418,0.1227058693766594,0.2031010538339615,0.15272307395935059,0.09892064332962036,0.08901721611618996,0.20217807590961456,0.13212258975952862
44,0.0031413699058054595,0.10857238620519638,0.17333978414535522,0.1402539610862732,0.08856917917728424,0.07767599076032639,0.19325889647006989,0.12034279197454452
45,0.0033559508362168396,0.12461478263139725,0.23546192049980164,0.16228583455085754,0.10706023871898651,0.10227258875966072,0.33449438214302063,0.15855649467557667
46,0.003626279555940023,0.1425926238298416,0.313370943069458,0.21149510145187378,0.10054631531238556,0.09552285075187683,0.3732289671897888,0.17884349778294562
47,0.002888011822376009,0.11437851935625076,0.2260582149028778,0.16804668307304382,0.09137478470802307,0.07293296791613102,0.20809955894947052,0.13066730024293066
48,0.0037549259900038446,0.13515430688858032,0.3412647545337677,0.22814486920833588,0.09524883329868317,0.08122166432440281,0.41612207889556885,0.18419557878747583
49,0.0043399473760092275,0.16049069166183472,0.4299543499946594,0.28504690527915955,0.10757709294557571,0.07809633947908878,0.567861020565033,0.22920380676165225
50,0.0028919165705497884,0.1132865846157074,0.25203755497932434,0.1764061003923416,0.10223913192749023,0.07948601990938187,0.31889063119888306,0.15217243306338785
51,0.003085922481737793,0.11036732792854309,0.17765294015407562,0.13328112661838531,0.08148753643035889,0.08346169628202915,0.19839999079704285,0.11952835718169809
52,0.0029874927912341407,0.09955602884292603,0.18343064188957214,0.13660317659378052,0.07925507426261902,0.06750557385385036,0.20100794732570648,0.1149328543804586
53,0.003086553248750481,0.10507267713546753,0.20817944407463074,0.14367467164993286,0.09191552549600601,0.08130132779479027,0.2777910828590393,0.13422151993960144
54,0.0027428753364090734,0.10127628594636917,0.1715448647737503,0.12951968610286713,0.09121277928352356,0.06504274159669876,0.23124417662620544,0.11986118584871294
55,0.0024781033737024225,0.08811163902282715,0.14666946232318878,0.11999791860580444,0.08776967227458954,0.07437453418970108,0.2099531888961792,0.11196257956326007
56,0.0034934880815071126,0.11339505016803741,0.22613610327243805,0.1602049469947815,0.08906875550746918,0.08557826653122902,0.2932450771331787,0.14296744216233492
57,0.0030371732026143795,0.09501705318689346,0.1816369742155075,0.12885062396526337,0.0782780572772026,0.06569728255271912,0.20307442545890808,0.11168667145073413
58,0.0024253892733564018,0.10246754437685013,0.17189966142177582,0.11560729891061783,0.09059162437915802,0.08101565763354301,0.22327882051467896,0.11808968808501957
59,0.00274203431372549,0.10237842053174973,0.13520383834838867,0.10723493993282318,0.08660043030977249,0.08174535259604454,0.1404595524072647,0.10295706037431956
60,0.0024830594002306803,0.07512831687927246,0.08599027991294861,0.08023581653833389,0.06910806894302368,0.06364201940596104,0.07535486668348312,0.0734028590656817
61,0.0028481533544790468,0.0787590742111206,0.11091781407594681,0.08846663683652878,0.06372469663619995,0.06609996221959591,0.13362129032611847,0.08455706028267741
62,0.0026053080545943865,0.08558794111013412,0.15994207561016083,0.10934671014547348,0.06115115433931351,0.057289889082312584,0.15549908578395844,0.09280501460656523
63,0.002397575451749327,0.08367754518985748,0.1395934820175171,0.09477020055055618,0.07939596474170685,0.07603096030652523,0.15249139070510864,0.09470218194648623
64,0.002868157679738562,0.11442022770643234,0.11859451234340668,0.09549203515052795,0.07661674916744232,0.0850776880979538,0.0885939821600914,0.09402138486504553
65,0.0025206951653210306,0.08171744644641876,0.10202842205762863,0.07984299957752228,0.06175658106803894,0.060020770877599716,0.09937378019094467,0.07661589417606592
66,0.002428092560553633,0.08726939558982849,0.12566512823104858,0.09143637865781784,0.06330535560846329,0.0625026784837246,0.1427890509366989,0.08811522055417298
67,0.0027417039119569395,0.09636545181274414,0.1738310605287552,0.11977344006299973,0.07277315109968185,0.06122251786291599,0.2203596979379654,0.11059567289426925
68,0.0025971681564782773,0.08996128290891647,0.1611446887254715,0.11001277714967728,0.07539418339729309,0.06383467465639114,0.20375268161296844,0.10497926495969295
69,0.0026065095155709344,0.0884348526597023,0.14285162091255188,0.10388850420713425,0.07445915043354034,0.06793150678277016,0.13044364750385284,0.09259838957339525
70,0.0021871695982314493,0.06930621713399887,0.08398213237524033,0.06863003224134445,0.052563250064849854,0.049409723840653896,0.08459848165512085,0.06503487265668809
71,0.0023139237312572087,0.07876312732696533,0.12739934027194977,0.08568194508552551,0.06524727493524551,0.06269325129687786,0.10534493625164032,0.07931537074968219
72,0.0026670931853133408,0.08173657953739166,0.11485110223293304,0.08420246839523315,0.06516008079051971,0.06732745841145515,0.0835752859711647,0.07719553735107183
73,0.002261329777008843,0.06933137774467468,0.07597281038761139,0.06703640520572662,0.059441909193992615,0.05745501723140478,0.04657790809869766,0.06154552853666246
74,0.0023192401960784315,0.07594919204711914,0.07957597076892853,0.07238557189702988,0.06723969429731369,0.06751010939478874,0.03945375233888626,0.06658161740750074
75,0.002137218858131488,0.06579667329788208,0.07781263440847397,0.05862407758831978,0.05668235197663307,0.05509396083652973,0.03963538631796837,0.05661929236724972
76,0.0023151852652825836,0.06842394918203354,0.07286650687456131,0.05532452464103699,0.05606726184487343,0.06304340064525604,0.038074903190135956,0.05745783917605877
77,0.0027943879757785467,0.09117189049720764,0.11170943826436996,0.08510331064462662,0.06610459089279175,0.07051566056907177,0.10530713945627213,0.08375135986134409
78,0.0021528378508266052,0.06576935201883316,0.08478846400976181,0.0661039650440216,0.050028279423713684,0.051534813828766346,0.03744019195437431,0.05635036670602858
79,0.002785316945405613,0.09823373705148697,0.18723274767398834,0.12803268432617188,0.09322436898946762,0.06919459439814091,0.30367225408554077,0.13066091092303395
80,0.0033118872549019606,0.1294204294681549,0.273104727268219,0.1799984723329544,0.09889735281467438,0.06917619332671165,0.43061333894729614,0.1715082026645541
81,0.002766363898500577,0.09113092720508575,0.21248559653759003,0.14416126906871796,0.07712643593549728,0.051556967198848724,0.2776782512664795,0.12312222965061664
82,0.0024830594002306803,0.0851164162158966,0.1524784415960312,0.10796723514795303,0.07543092221021652,0.06267281249165535,0.18828178942203522,0.10074512537568807
83,0.002099252691272587,0.06367623805999756,0.09755660593509674,0.06887058913707733,0.049395591020584106,0.0465893903747201,0.093122199177742,0.06391643942333758
84,0.0024165284986543637,0.06539332866668701,0.08742295950651169,0.06401686370372772,0.058825552463531494,0.057637112215161324,0.08814531564712524,0.06596125395968556
85,0.0030101703671664743,0.08255530148744583,0.0960216224193573,0.08486037701368332,0.07118796557188034,0.0668009240180254,0.0898231714963913,0.07949738623574376
86,0.00204852100153787,0.061461497098207474,0.08029798418283463,0.060174401849508286,0.04967832192778587,0.04449279606342316,0.08639941364526749,0.05987476006150246
87,0.002378382112648981,0.06523869931697845,0.07648451626300812,0.06302879005670547,0.06423533707857132,0.05614279583096504,0.08957520872354507,0.06660978961735964
88,0.002737528835063437,0.08171279728412628,0.10017820447683334,0.07763322442770004,0.058849018067121506,0.05618813633918762,0.11915189027786255,0.07785409539937974
89,0.0022096369184928873,0.07379570603370667,0.1341358721256256,0.09018630534410477,0.05600949004292488,0.05009160190820694,0.12723451852798462,0.0786779611557722
90,0.0020593641868512113,0.07038450241088867,0.12437814474105835,0.08168019354343414,0.054138295352458954,0.04192977584898472,0.13968108594417572,0.07584129193797708
91,0.0017755190311418685,0.0605209581553936,0.0679427832365036,0.05399605631828308,0.04585592821240425,0.043567412532866,0.06269387155771255,0.05369386156089603
92,0.00209838163206459,0.06267371773719788,0.0980287715792656,0.0694156214594841,0.05880388990044594,0.05128215253353119,0.14276793599128723,0.07374019131064415
93,0.00239808607266436,0.06992298364639282,0.1273423433303833,0.09341384470462799,0.06763619929552078,0.046659291721880436,0.15578463673591614,0.08430849806405603
94,0.002113309784698193,0.07348009198904037,0.14511050283908844,0.10243202745914459,0.06237106770277023,0.05288590956479311,0.16792704164981842,0.08938448292203248
95,0.0021055903979238753,0.07405265420675278,0.11850352585315704,0.08235546946525574,0.06877808272838593,0.05364648252725601,0.09721781313419342,0.07518465980887414
96,0.00212379253171857,0.058799248188734055,0.07570500671863556,0.06021673232316971,0.04848095774650574,0.046167872846126556,0.05830659344792366,0.05507509492337703
97,0.002148512591311034,0.06360822916030884,0.07741448283195496,0.06069861724972725,0.061498891562223434,0.056599086150527,0.071357361972332,0.06247196102514863
98,0.0021531682525951557,0.06698323041200638,0.09735825657844543,0.0803811103105545,0.06749887764453888,0.04591074027121067,0.15142053365707397,0.07950878905132414
99,0.0017514297385620914,0.06271969527006149,0.11560036987066269,0.08235648274421692,0.047757092863321304,0.03841504827141762,0.141923725605011,0.07268443826586009
100,0.0024086889657823915,0.09160877764225006,0.12996388971805573,0.09964639693498611,0.08002853393554688,0.0668774638324976,0.13768291473388672,0.09424053581431507
101,0.00223760092272203,0.06780044734477997,0.12045105546712875,0.09322088211774826,0.05100901052355766,0.04457390680909157,0.11110100150108337,0.0736796686425805
102,0.0019522839773164166,0.06116136908531189,0.10181237012147903,0.07880160212516785,0.05073785036802292,0.04544658772647381,0.05825044959783554,0.06058704322203994
103,0.0022616001057285656,0.07540032267570496,0.12612630426883698,0.10002226382493973,0.060734253376722336,0.05586583539843559,0.11656516045331955,0.08176977831870318
104,0.0021855776624375243,0.07200932502746582,0.13247963786125183,0.10060110688209534,0.05331533029675484,0.03994373604655266,0.11716901510953903,0.07711515482515097
105,0.0024269511726259132,0.07992422580718994,0.1426047831773758,0.10585355013608932,0.05746488645672798,0.05795777961611748,0.12719480693340302,0.08572016712278127
106,0.00215043492887351,0.07370976358652115,0.14077866077423096,0.09763152152299881,0.052138444036245346,0.04791310243308544,0.13138329982757568,0.08007296359166502
107,0.0018204236351403308,0.060031261295080185,0.14072859287261963,0.08806733042001724,0.0460241325199604,0.03678849712014198,0.14662116765975952,0.0735562114417553
108,0.002225105728565936,0.07244043797254562,0.1379433572292328,0.08968763053417206,0.05817747861146927,0.05258936621248722,0.13931970298290253,0.0808421109803021
109,0.0023355800653594772,0.06745100021362305,0.13345415890216827,0.0883774384856224,0.06030862033367157,0.04459614120423794,0.17633143067359924,0.08384371994063258
110,0.0019274437716262976,0.06053818017244339,0.12660552561283112,0.08388873189687729,0.05141060799360275,0.04046150017529726,0.1602770984172821,0.07628065724857151
111,0.0021525374855824683,0.07000785320997238,0.11673510819673538,0.08760638535022736,0.06721924990415573,0.04175545834004879,0.1528146117925644,0.08152364430949091
112,0.0021746744040753558,0.05669106915593147,0.07474654912948608,0.05828404799103737,0.05640362575650215,0.04618820734322071,0.07542156428098679,0.05806166181340813
113,0.00237829200307574,0.06786946952342987,0.08262862265110016,0.06288112699985504,0.07081323862075806,0.05989900231361389,0.08518899232149124,0.06839521132409572
114,0.0019416510476739715,0.05959245562553406,0.0950164869427681,0.06803307682275772,0.043934449553489685,0.04240952245891094,0.0894261971116066,0.06043813241645693
115,0.001983341743560169,0.05986296012997627,0.10804463177919388,0.07017435878515244,0.042761821299791336,0.04858111962676048,0.09001122415065765,0.061966931521892546
116,0.0024185409457900806,0.07210588455200195,0.09888346493244171,0.06978211551904678,0.05824679136276245,0.05994131974875927,0.09240426868200302,0.07000708712264896
117,0.002101415321030373,0.05966513231396675,0.09666378051042557,0.07214520871639252,0.04982221499085426,0.04272829554975033,0.09352613240480423,0.06321331406012178
118,0.001772605488273741,0.05520539730787277,0.09367751330137253,0.06537792831659317,0.044534992426633835,0.04347394034266472,0.08492539823055267,0.058291509635746475
119,0.0019518935024990388,0.05816425010561943,0.0970415249466896,0.06764861941337585,0.04418600723147392,0.043678971007466316,0.12810470163822174,0.06604782899841666
120,0.002079698913879277,0.05226419121026993,0.05791320651769638,0.04992465674877167,0.04802246391773224,0.04166524112224579,0.041382309049367905,0.04748169284313917
121,0.002450950355632449,0.0672786608338356,0.10442735999822617,0.07634298503398895,0.06789077818393707,0.05772791616618633,0.1477978229522705,0.08010917073115706
122,0.001888426326412918,0.05768665298819542,0.13750283420085907,0.08761398494243622,0.03740129992365837,0.03302967920899391,0.17542001605033875,0.0749854413419962
123,0.0018945838139177238,0.05433780327439308,0.10262276232242584,0.07238880544900894,0.04728567227721214,0.037522727623581886,0.12831012904644012,0.06581845624372364
124,0.0022248053633217996,0.06305823475122452,0.09853069484233856,0.07014479488134384,0.04727668687701225,0.04620618186891079,0.10369753837585449,0.0652202427200973
125,0.002043054354094579,0.05172261968255043,0.07514006644487381,0.0545794777572155,0.04721786454319954,0.04063032940030098,0.05588425323367119,0.05036453396081925
126,0.0018470359957708574,0.06068926677107811,0.08747553825378418,0.05798659473657608,0.05003560334444046,0.05003424733877182,0.0740286335349083,0.05828549105674029
127,0.001827602364475202,0.053582608699798584,0.07165409624576569,0.05090824142098427,0.04397978261113167,0.04520406760275364,0.07001680880784988,0.052226286213845015
128,0.0019632172722029986,0.04827659949660301,0.06412918865680695,0.05013708025217056,0.042055394500494,0.03979954123497009,0.07518952339887619,0.05021774146705865
129,0.0022281093810073045,0.06232070550322533,0.07964564859867096,0.061830244958400726,0.059203486889600754,0.056091099977493286,0.09102699905633926,0.0648839021101594
130,0.0015010753075740098,0.03745891898870468,0.03602132201194763,0.029380107298493385,0.02691175416111946,0.029065762646496296,0.011904376558959484,0.028280708454549313
131,0.001769241397539408,0.04477376863360405,0.07110167294740677,0.04813338443636894,0.04319262504577637,0.03701868839561939,0.08238203078508377,0.049651942420750855
132,0.0020909025374855825,0.0544469989836216,0.08081120252609253,0.05838483199477196,0.041889626532793045,0.044602978974580765,0.08519603312015533,0.05611000191420317
133,0.001965049500192234,0.048929568380117416,0.06757766008377075,0.05273585021495819,0.047200463712215424,0.04260253254324198,0.0726739689707756,0.05205596399493515
134,0.001692468041138024,0.04383068531751633,0.05763627588748932,0.038720011711120605,0.037459760904312134,0.03681433293968439,0.0547645129263401,0.041853544758632774
135,0.0018254397347174166,0.044588200747966766,0.07427000254392624,0.052861809730529785,0.04369592294096947,0.034993648529052734,0.09038164466619492,0.05173393569886685
136,0.002098141339869281,0.04861113056540489,0.08072368055582047,0.05759892612695694,0.04575076699256897,0.04342768155038357,0.09734675288200378,0.056772371027618646
137,0.0023204716935793924,0.0646248608827591,0.11629609018564224,0.07972528785467148,0.04565993696451187,0.04843049496412277,0.1109427884221077,0.0691809282451868
138,0.002008992935409458,0.05542542412877083,0.12818652391433716,0.08215094357728958,0.03697270154953003,0.0390314981341362,0.19170723855495453,0.07644061867147683
139,0.002509461505190311,0.08071022480726242,0.2647935450077057,0.15138328075408936,0.05011497810482979,0.03974562417715788,0.6662262082099915,0.17373475979082287
140,0.0025789960592079966,0.07189887017011642,0.18319691717624664,0.11714102327823639,0.05347596853971481,0.04295313358306885,0.29984307289123535,0.10916414134204386
141,0.002471194973087274,0.06886793673038483,0.17390616238117218,0.10955994576215744,0.04996204376220703,0.04936794191598892,0.27180683612823486,0.10276371404528617
142,0.0021720011534025374,0.07061374932527542,0.18621355295181274,0.11059041321277618,0.045978572219610214,0.04069364443421364,0.3547455966472626,0.11370694268494844
143,0.002012537245290273,0.06123387813568115,0.15737581253051758,0.09837943315505981,0.038175225257873535,0.03664480522274971,0.26423558592796326,0.09263982314616442
144,0.0024229863514033064,0.07230649143457413,0.16219468414783478,0.10454712063074112,0.06116379052400589,0.05199757218360901,0.2480200082063675,0.10126547381281853
145,0.0031936334582852747,0.11176415532827377,0.15528833866119385,0.13223624229431152,0.07583441585302353,0.07291636802256107,0.13808681070804596,0.10775909842923284
146,0.001443495290272972,0.03608447313308716,0.04194343462586403,0.030894236639142036,0.027276691049337387,0.029358181171119213,0.06285081803798676,0.03607299533672631
147,0.002709144319492503,0.10018226504325867,0.13479256629943848,0.11009881645441055,0.0506012961268425,0.06446454674005508,0.12154469639062881,0.09086918108165264
148,0.00279946414840446,0.08990691602230072,0.1382121741771698,0.11026320606470108,0.05239327996969223,0.06781189702451229,0.12416955828666687,0.08962677715346218
149,0.002226307189542484,0.06462835520505905,0.0859973207116127,0.07029857486486435,0.046804193407297134,0.05261294264346361,0.05858004093170166,0.0598876937199384
150,0.0026539371876201463,0.09041886776685715,0.09243651479482651,0.08583997189998627,0.06937941908836365,0.07292875461280346,0.040945444256067276,0.07509271027520299
151,0.0019858948481353326,0.06851095706224442,0.12397278100252151,0.09096131473779678,0.05778380483388901,0.05112345702946186,0.1229257807135582,0.07739900762215257
152,0.0029048022395232603,0.09312078356742859,0.1993912309408188,0.13759136199951172,0.06320187449455261,0.06199627183377743,0.25897324085235596,0.1184397261403501
153,0.003238838427527874,0.12003862112760544,0.2805769145488739,0.18976685404777527,0.07373017072677612,0.073228619992733,0.34792032837867737,0.1553597141802311
154,0.0020049980776624373,0.07137417048215866,0.1807125359773636,0.1121583878993988,0.0427955687046051,0.04620765894651413,0.20829856395721436,0.09268642857670784
155,0.0027479214725105727,0.09650762379169464,0.15541298687458038,0.11887571215629578,0.06188555806875229,0.06327665410935879,0.10376659780740738,0.0913072553090751
156,0.0024228662053056515,0.06958505511283875,0.09477302432060242,0.08017022907733917,0.051271647214889526,0.0552905797958374,0.06985769420862198,0.06654577024281025
157,0.0025659602076124567,0.08468358218669891,0.12010308355093002,0.09714832901954651,0.05890649929642677,0.05482449755072594,0.13668717443943024,0.08588438842445612
158,0.002703587562475971,0.09548023343086243,0.16624176502227783,0.1178421676158905,0.0688687339425087,0.06345743872225285,0.18177174031734467,0.10378049800172448
159,0.0019144079200307574,0.060386527329683304,0.13027673959732056,0.08368654549121857,0.04220236837863922,0.040870835073292255,0.15503358840942383,0.07381777473725379
160,0.0027922253460207613,0.08343867212533951,0.13428960740566254,0.09953688830137253,0.05008865147829056,0.05428818799555302,0.10306631028652191,0.07944878587499261
161,0.0030545343137254903,0.10308534651994705,0.24939894676208496,0.17303155362606049,0.07926084101200104,0.06258030980825424,0.3057257831096649,0.13979369655251503
162,0.003052581939638601,0.12628749012947083,0.4403757154941559,0.2766467034816742,0.07987754791975021,0.04995826631784439,0.6345182657241821,0.21878215216100216
163,0.003866992262591311,0.18417449295520782,0.5495125651359558,0.3440910279750824,0.09543316066265106,0.06427489593625069,0.6820905804634094,0.26248466853052377
164,0.003356101018838908,0.13878603279590607,0.4235309362411499,0.2723917067050934,0.09594699740409851,0.06028887256979942,0.5434762835502625,0.21183544527739284
165,0.0033526167820069203,0.12353263795375824,0.3145924508571625,0.21351628005504608,0.08712609857320786,0.06989592127501965,0.3354808986186981,0.16214936865493657
166,0.0029124615532487505,0.11046094447374344,0.24405834078788757,0.1766654998064041,0.08816902339458466,0.06339299492537975,0.27745193243026733,0.14004663428291678
167,0.0022603085351787775,0.0854756310582161,0.20661769807338715,0.15358933806419373,0.08082602918148041,0.050639254972338676,0.20417699217796326,0.113550149705261
168,0.0031564782775855443,0.10749010741710663,0.21691974997520447,0.16420291364192963,0.08867675065994263,0.0653590876609087,0.19625918567180634,0.12443499313667417
169,0.002765462802768166,0.08872202038764954,0.15105518698692322,0.11867115646600723,0.08152049779891968,0.07138919085264206,0.1647193282842636,0.10336604550480842
170,0.0022522587466359094,0.07624197751283646,0.1418197602033615,0.11479304730892181,0.06121483072638512,0.051426369696855545,0.1308494210243225,0.0871473217383027
171,0.002568242983467897,0.09026065468788147,0.13883228600025177,0.10847465693950653,0.07342103868722916,0.06970197334885597,0.12343261390924454,0.09326384242624045
172,0.0020951376874279123,0.06392090767621994,0.11353116482496262,0.08693768084049225,0.0642496645450592,0.04618379659950733,0.1308472901582718,0.07675792569294572
173,0.0030698529411764706,0.08903355896472931,0.11844856292009354,0.10136795789003372,0.08107725530862808,0.07094142958521843,0.12177161872386932,0.09252007100731136
174,0.002195609861591696,0.07022134959697723,0.08306118100881577,0.07432089000940323,0.054756663739681244,0.06074509024620056,0.038185395300388336,0.06204623401165008
175,0.0021751249519415612,0.06561960279941559,0.10837092995643616,0.08258142322301865,0.05983415246009827,0.05666950158774853,0.08483771979808807,0.07017987718805671
176,0.003095323913879277,0.09316647797822952,0.1526075005531311,0.11635693162679672,0.07582705467939377,0.0628290381282568,0.168613463640213,0.10200267827138305
177,0.002277639609765475,0.06972363591194153,0.15359483659267426,0.1057596281170845,0.06237310916185379,0.049386532977223396,0.2649502158164978,0.10323621863499283
178,0.002147461312956555,0.0757388100028038,0.11228736490011215,0.09776462614536285,0.059452589601278305,0.05203593894839287,0.09583113342523575,0.0772981048002839
179,0.0020363261726259133,0.073439821600914,0.10142457485198975,0.08132761716842651,0.055592454969882965,0.05377060920000076,0.07108138501644135,0.0685017129033804
180,0.0017589088331410997,0.04782036319375038,0.0739901140332222,0.06031733378767967,0.044247884303331375,0.038112430833280087,0.0833745077252388,0.05398433282040059
181,0.002251147395232603,0.07052389532327652,0.09469735622406006,0.07762359827756882,0.05070549249649048,0.05083041079342365,0.058120571076869965,0.06352311754599213
182,0.0019390378700499806,0.05860210210084915,0.0899081826210022,0.07248589396476746,0.044905610382556915,0.040708618238568306,0.06909146159887314,0.058139193225651975
183,0.001843701941560938,0.0597904808819294,0.06241192668676376,0.05472627654671669,0.03869124501943588,0.047306532971560955,0.04463911056518555,0.05033159065060317
184,0.0020654616013071896,0.05887843295931816,0.061323381960392,0.05616188421845436,0.04575612396001816,0.0467734569683671,0.040488243103027344,0.051020905757322904
185,0.0019772443291041905,0.05183981731534004,0.07789193093776703,0.06455240398645401,0.04873963072896004,0.04483103100210428,0.08207418769598007,0.05780359228141606
186,0.002006289648212226,0.06329411268234253,0.1266951709985733,0.09023471176624298,0.04628715291619301,0.03929115552455187,0.12722255289554596,0.07247677301056682
187,0.002257845540176855,0.08117327094078064,0.17348378896713257,0.12149515002965927,0.05279260873794556,0.04594159498810768,0.1958252638578415,0.0973536355420947
188,0.002121810121107266,0.06854297965765,0.1583767533302307,0.10542609542608261,0.04852498695254326,0.039670723490417004,0.18486471474170685,0.08670049662701784
189,0.0024974468954248367,0.08109039068222046,0.16349565982818604,0.11788831651210785,0.05923556908965111,0.05253025144338608,0.15755455195903778,0.09297040477395058
190,0.002067203719723183,0.06834561377763748,0.14684656262397766,0.10115222632884979,0.04972372204065323,0.045402707532048225,0.15129375457763672,0.08173725346103311
191,0.0021421448481353327,0.07297145575284958,0.1434112787246704,0.104363813996315,0.05750010162591934,0.051098981872200966,0.14599643647670746,0.0852701281197369
192,0.0023801843041138023,0.07734616100788116,0.13856832683086395,0.10473459213972092,0.06529545783996582,0.05319105461239815,0.14211617410182953,0.08763327609747648
193,0.0021029171472510574,0.05993834137916565,0.12898550927639008,0.09228892624378204,0.05521310865879059,0.041678814217448235,0.13779368996620178,0.0757496283762157
194,0.0023925893886966552,0.0817379280924797,0.14106935262680054,0.1075359508395195,0.05885479226708412,0.054454583674669266,0.1344299465417862,0.08733410354703663
195,0.002075764129181084,0.07812170684337616,0.17386353015899658,0.1269644945859909,0.06150609627366066,0.042360516265034676,0.22412963211536407,0.1031633802689612
196,0.0028209102268358325,0.09393204003572464,0.2205459624528885,0.15449783205986023,0.085380919277668,0.05630876682698727,0.2675932049751282,0.12718750460073353
197,0.0030031418204536716,0.10515116900205612,0.25674062967300415,0.17557090520858765,0.08277754485607147,0.0627643521875143,0.29090777039527893,0.1393865820579231
198,0.0022252559111880046,0.08840124309062958,0.2508864998817444,0.1638747751712799,0.06900536268949509,0.04012496955692768,0.28613659739494324,0.12523170428350566
199,0.0025459258458285275,0.09387573599815369,0.23322708904743195,0.16400817036628723,0.07321076840162277,0.05153561383485794,0.25552064180374146,0.1247380655258894
200,0.0026377775374855825,0.08818615227937698,0.21968762576580048,0.15310119092464447,0.06814667582511902,0.0510468240827322,0.2543635070323944,0.11942072359845043
201,0.002599991589773164,0.08735857903957367,0.22429558634757996,0.1529724895954132,0.07320690155029297,0.04923292249441147,0.2604212164878845,0.12069278873503207
202,0.0024626045271049597,0.08737778663635254,0.22041165828704834,0.14829719066619873,0.07108920812606812,0.048083189874887466,0.2599913477897644,0.11888764623552561
203,0.0017819768838908112,0.058462969958782196,0.10437100380659103,0.06663835048675537,0.055380843579769135,0.03372809011489153,0.09553559124469757,0.06130799596197903
204,0.0023606605632449057,0.07492916285991669,0.12448927015066147,0.08845113217830658,0.06575451791286469,0.04906800575554371,0.18991447985172272,0.0895096199400723
205,0.0029204212322183776,0.10787878185510635,0.2899571359157562,0.18230842053890228,0.08149382472038269,0.05389608256518841,0.3847191631793976,0.1540858975611627
206,0.0022796820934256052,0.08700688183307648,0.27957379817962646,0.16610950231552124,0.07218560576438904,0.04313139244914055,0.37775909900665283,0.14026870664209126
207,0.0023334474721261054,0.08471474796533585,0.2191113531589508,0.13612215220928192,0.05704525113105774,0.048015642911195755,0.2562214434146881,0.11207324605435132
208,0.0022391928585159555,0.07244725525379181,0.1629728525876999,0.11113355308771133,0.05035478621721268,0.04598064161837101,0.13664276897907257,0.08327218802645803
209,0.0020498426086120723,0.05972162261605263,0.07021837681531906,0.06265728920698166,0.03939651697874069,0.04291638918220997,0.05826312303543091,0.05372135562822223
210,0.0017253279988465975,0.048905063420534134,0.0493822917342186,0.04197673499584198,0.028645668178796768,0.036825994960963726,0.0426497720181942,0.04053455482237041
211,0.001643118031526336,0.046169575303792953,0.1030835285782814,0.06484661996364594,0.03560526669025421,0.02870847098529339,0.15880058705806732,0.06286352494731545
212,0.002481978085351788,0.07164496928453445,0.17707568407058716,0.11387616395950317,0.05230355262756348,0.04175316449254751,0.2159089595079422,0.09527930467389524
213,0.0023705726163014227,0.07133721560239792,0.16056522727012634,0.10439830273389816,0.0535864531993866,0.044296433217823505,0.18945951759815216,0.08952876244671643
214,0.0014548490965013456,0.04326567426323891,0.09611909091472626,0.06268247961997986,0.022028066217899323,0.026452263817191124,0.0942828357219696,0.049091400597244504
215,0.0018890270569011918,0.05720140412449837,0.10347847640514374,0.07168110460042953,0.03399842604994774,0.039424934424459934,0.08390122652053833,0.057627766700461505
216,0.002023320357554787,0.052228059619665146,0.09280622750520706,0.06658848375082016,0.03478496894240379,0.0383392283692956,0.08901461213827133,0.05583529089577496
217,0.002367478854286813,0.06898344308137894,0.15304683148860931,0.10486703366041183,0.04796585813164711,0.045939153991639614,0.17836926877498627,0.08666152014397084
218,0.0020446162533640905,0.067551389336586,0.17065688967704773,0.11002526432275772,0.04091961681842804,0.04033079091459513,0.18774689733982086,0.08677796349860728
219,0.0018503700499807767,0.055533748120069504,0.1337093561887741,0.08972011506557465,0.03762326389551163,0.03744770586490631,0.1588660180568695,0.07328166600316763
220,0.0023473844194540562,0.0697951465845108,0.1510181874036789,0.09958528727293015,0.04142912104725838,0.04148418176919222,0.16646093130111694,0.08182380084879697
221,0.002113820405613226,0.06053252890706062,0.1408722996711731,0.0937575176358223,0.038546375930309296,0.03675732109695673,0.1546778529882431,0.07496128183789551
222,0.0018805267204921184,0.059065960347652435,0.14056694507598877,0.09880504757165909,0.046942442655563354,0.032829237170517445,0.15863455832004547,0.07729354572482407
223,0.0018045943867743175,0.05750076845288277,0.14499516785144806,0.09622479230165482,0.04266415163874626,0.0312556978315115,0.19516213238239288,0.08069872597232461
224,0.0023852604767397156,0.06517308205366135,0.15481308102607727,0.1026749461889267,0.05342070758342743,0.04061704594641924,0.1908213198184967,0.08710583020932972
225,0.002453833861976163,0.07114172726869583,0.1259513944387436,0.09534108638763428,0.05949358642101288,0.04690205305814743,0.1345701515674591,0.08048842072486878
226,0.002047229430988082,0.0663706436753273,0.12318091839551926,0.09004265815019608,0.05754704400897026,0.04171240143477917,0.13778018951416016,0.07721993004903198
227,0.002040170847750865,0.05948442965745926,0.12043014168739319,0.09094378352165222,0.05770189315080643,0.040002090856432915,0.1465534120798111,0.0767767613194883
228,0.0023013384275278738,0.06978151202201843,0.14484751224517822,0.1039053425192833,0.06409803032875061,0.04415594041347504,0.17327721416950226,0.08845745109021665
229,0.002322333958093041,0.0700111985206604,0.16461917757987976,0.11453964561223984,0.06634216755628586,0.04215981438755989,0.20936763286590576,0.09665161456912755
230,0.0019789263744713573,0.06651319563388824,0.165255606174469,0.11376528441905975,0.0626893863081932,0.04241974279284477,0.21001648902893066,0.09506753917783498
231,0.0020488514033064208,0.06520333141088486,0.17188960313796997,0.11493396759033203,0.060661252588033676,0.03861819766461849,0.2154279351234436,0.09483263408765197
232,0.0022145028354479046,0.06922008097171783,0.17567551136016846,0.1169537901878357,0.06149721145629883,0.040568480268120766,0.22225052118301392,0.09784718567505479
233,0.0023575067281814688,0.07044664770364761,0.17002643644809723,0.11632198095321655,0.05449569597840309,0.04031003545969725,0.20067116618156433,0.09345476339571177
234,0.002012146770472895,0.06448201835155487,0.1736069768667221,0.11371050775051117,0.050507545471191406,0.03534603305160999,0.2147817462682724,0.09186557726934552
235,0.0018158280469050365,0.057248521596193314,0.14054308831691742,0.0944206640124321,0.04376460984349251,0.03411875665187836,0.1566668450832367,0.07509514156728983
236,0.002144127258746636,0.0607919879257679,0.13839346170425415,0.09310397505760193,0.05094023793935776,0.037633588537573814,0.1553477644920349,0.07734310830011963
237,0.001898518598615917,0.045527078211307526,0.08223801106214523,0.0597088485956192,0.038528043776750565,0.034646809101104736,0.07893310487270355,0.05097395285964012
238,0.0015747549019607843,0.03937441483139992,0.07607477903366089,0.05152539536356926,0.03714900091290474,0.03422488085925579,0.0757698267698288,0.04659547647461295
239,0.0017672890234525184,0.04397016391158104,0.09101315587759018,0.06103101745247841,0.03683536499738693,0.032547264359891415,0.10078984498977661,0.05353217273019254
240,0.001918192522106882,0.04703288897871971,0.09265254437923431,0.06253321468830109,0.03914765641093254,0.031239486299455166,0.10612037032842636,0.05566687229089439
241,0.0019612348615916956,0.04579233378171921,0.08649126440286636,0.05938400700688362,0.03258746117353439,0.03289242833852768,0.08363976329565048,0.050297505520284176
242,0.0014407319300269127,0.034052036702632904,0.050769586116075516,0.03224070370197296,0.023651115596294403,0.03054421115666628,0.09483900666236877,0.04024875280447304
243,0.0015803416955017303,0.03507537394762039,0.04982001334428787,0.034877706319093704,0.0245213583111763,0.03343700524419546,0.03674745187163353,0.03309852323494852
244,0.0018989991830065359,0.038777489215135574,0.052255779504776,0.03780562803149223,0.030143972486257553,0.03460388723760843,0.025601470842957497,0.03429457581602037
245,0.0019613249711649366,0.04691831022500992,0.07367157191038132,0.052471138536930084,0.0421220138669014,0.03715069591999054,0.07087218761444092,0.049375771135091784
246,0.0015337550461361016,0.03716878965497017,0.06815230846405029,0.04520915076136589,0.02647443488240242,0.03099707793444395,0.07075885683298111,0.04124321515671909
247,0.001645040369088812,0.04178682342171669,0.07378827035427094,0.05322647467255592,0.03776589408516884,0.03515566512942314,0.08347737789154053,0.049049255214631556
248,0.001973669982698962,0.04210660979151726,0.0706099197268486,0.04824598506093025,0.03492570295929909,0.03745682816952467,0.08328394591808319,0.04773502792231738
249,0.002088169213763937,0.04646885395050049,0.07901065796613693,0.056709710508584976,0.04110514372587204,0.03818499390035868,0.08142346143722534,0.051898535164073105
250,0.0016750168204536717,0.038872137665748596,0.06681642681360245,0.05160176753997803,0.035239916294813156,0.03358755726367235,0.07740918546915054,0.04628292378969491
251,0.0017792735966935794,0.04494597017765045,0.0798826739192009,0.05541828274726868,0.0393717922270298,0.03763984143733978,0.09595285356044769,0.052969686910510065
252,0.002057081410995771,0.047927405685186386,0.08074399828910828,0.058358605951070786,0.04438742250204086,0.03566551394760609,0.08777530491352081,0.0537906720675528
253,0.0021502547097270283,0.04954993352293968,0.09152296930551529,0.06149068474769592,0.041288770735263824,0.039224897511303425,0.11572831124067307,0.059219612563028934
254,0.0015086745482506727,0.03229974955320358,0.04235149174928665,0.030776698142290115,0.026160217821598053,0.03096000663936138,0.022266898304224014,0.029081187006086112
255,0.0015886317762399077,0.03477279096841812,0.05633746460080147,0.03860640153288841,0.025872094556689262,0.029204665683209896,0.06346507370471954,0.037486329367384316
256,0.0019218269415609381,0.043260395526885986,0.06634049862623215,0.0511077418923378,0.03868850693106651,0.03584763593971729,0.07113099843263626,0.04731971347704529
257,0.0019075295559400232,0.038887519389390945,0.059323299676179886,0.044791288673877716,0.035694021731615067,0.03604908287525177,0.062477871775627136,0.04284465078264475
258,0.0013663614955786237,0.026740888133645058,0.020292110741138458,0.020353108644485474,0.023228785023093224,0.025025046430528164,0.01190409529954195,0.021994552686810494
259,0.0015401227893118033,0.033981554210186005,0.04108114168047905,0.029867330566048622,0.028271427378058434,0.030644293874502182,0.03485318645834923,0.03148858604952693
260,0.0018972270280661282,0.036738112568855286,0.04957861825823784,0.03664657101035118,0.03230420500040054,0.03255465067923069,0.04636078327894211,0.03664933590218425
261,0.0025366445597846984,0.04808133468031883,0.05909345671534538,0.04820427671074867,0.04151292145252228,0.039905025623738766,0.052516307681798935,0.04620502921752631
262,0.001265829248366013,0.024937747046351433,0.02417592518031597,0.01646273024380207,0.019341837614774704,0.027003681287169456,0.01568860001862049,0.020775565914809703
263,0.001419586216839677,0.028895055875182152,0.02300853468477726,0.022162145003676414,0.0202837735414505,0.026753279380500317,0.018587913364171982,0.023751623956486584
264,0.0024061658977316417,0.04611567035317421,0.049986518919467926,0.04159468039870262,0.03705635666847229,0.04279113933444023,0.04298212751746178,0.04231954470276833
265,0.0016714424740484428,0.0353466235101223,0.045845769345760345,0.03532261401414871,0.034582410007715225,0.033901238813996315,0.060083646327257156,0.03866790072992444
266,0.0014019247404844291,0.030394813045859337,0.04020129516720772,0.030095776543021202,0.027689527720212936,0.02693574782460928,0.04798154532909393,0.03188307131640613
267,0.0014191056324490581,0.031070753931999207,0.04380360245704651,0.032968759536743164,0.027958601713180542,0.028055566363036633,0.06497720628976822,0.03555845390073955
268,0.0016644439638600539,0.034293800592422485,0.04623304307460785,0.033205799758434296,0.03152092918753624,0.030528332106769085,0.06910325586795807,0.03810397217981517
269,0.001787353421760861,0.041842635720968246,0.052305128425359726,0.04454362019896507,0.03892645239830017,0.03651164285838604,0.061914846301078796,0.04409753164276481
270,0.001536878844675125,0.0392012745141983,0.06985796988010406,0.050570134073495865,0.03282403573393822,0.030221265740692616,0.11383845657110214,0.05056456224061549
271,0.0014450571895424835,0.03528806194663048,0.04694313928484917,0.0377112478017807,0.029285388067364693,0.029614731669425964,0.06121419370174408,0.03773783072829247
272,0.0016963427527873895,0.03636328876018524,0.041000042110681534,0.03749554231762886,0.03387388959527016,0.03279498778283596,0.04170781001448631,0.03639332732185721
273,0.00185406454248366,0.04421745985746384,0.08526191860437393,0.0563032403588295,0.03534804284572601,0.03545477334409952,0.12774845957756042,0.056682403171435
274,0.0014938365051903114,0.03540262207388878,0.08448051661252975,0.052654486149549484,0.02699025720357895,0.027058618143200874,0.12050114572048187,0.04954766029492021
275,0.0014525663206459054,0.035257622599601746,0.06971963495016098,0.04436662793159485,0.02680780552327633,0.027956553734838963,0.09383411705493927,0.0435591993201524
276,0.0018291342272203,0.04243842512369156,0.07654134929180145,0.0510612428188324,0.03228012099862099,0.034278715029358864,0.09174156934022903,0.04877395572140813
277,0.0017364715494040755,0.03637716546654701,0.04100145027041435,0.032028015702962875,0.02838028408586979,0.030945091508328915,0.03732944652438164,0.0330698289629072
278,0.0014282667723952325,0.02710033766925335,0.029184894636273384,0.023392580449581146,0.02273610047996044,0.0261208089068532,0.01898822747170925,0.024004499251022937
279,0.0014399810169165705,0.026624353602528572,0.02854396402835846,0.021077431738376617,0.020246850326657295,0.026597407646477222,0.025508400052785873,0.02391769870184362
280,0.001858389801999231,0.03611275181174278,0.03808808699250221,0.0314013734459877,0.02843601256608963,0.03319025691598654,0.02888251468539238,0.03197173445485532
281,0.0019246503748558247,0.037791673094034195,0.04153719171881676,0.034072306007146835,0.03258783370256424,0.03639507479965687,0.03808923810720444,0.03573235327377916
282,0.001300281141868512,0.027005115523934364,0.048890162259340286,0.028795039281249046,0.016907578334212303,0.02360206190496683,0.112306147813797,0.03785167549736798
283,0.0014903522683583238,0.02980469912290573,0.03833840787410736,0.0270967036485672,0.02489907294511795,0.030341550707817078,0.047747574746608734,0.031027383655309677
284,0.0018137855632449058,0.03577651083469391,0.04591735824942589,0.03546706959605217,0.031333744525909424,0.03236417006701231,0.049576032906770706,0.036389282969757915
285,0.0019029640042291425,0.042050521820783615,0.061017971485853195,0.04595034196972847,0.03678290545940399,0.0359957879409194,0.06556649506092072,0.04457539713941515
286,0.0012324586697424068,0.025461021810770035,0.02233908884227276,0.015790631994605064,0.020306363701820374,0.025767387822270393,0.025238703936338425,0.022134320437908174
287,0.0014819420415224912,0.03230923041701317,0.041333120316267014,0.028342626988887787,0.026406189426779747,0.028758740052580833,0.032236579805612564,0.02964055122807622
288,0.0017689410322952708,0.03644821420311928,0.04145711660385132,0.03173716738820076,0.03202858939766884,0.03248030599206686,0.03715544566512108,0.03390646035782993
289,0.0018828695693963858,0.03888959810137749,0.06853481382131577,0.048435091972351074,0.03002043254673481,0.0336173539981246,0.10551808029413223,0.048777512600645424
290,0.002232314494425221,0.07116051763296127,0.20550210773944855,0.15076281130313873,0.07024763524532318,0.028488031588494778,0.4055838882923126,0.13380595519207417
291,0.0024186911284121496,0.09090450406074524,0.29837673902511597,0.19942706823349,0.0911971777677536,0.03265256807208061,0.564171314239502,0.17917501877993344
292,0.0022786308150711267,0.06629803776741028,0.17421598732471466,0.12625253200531006,0.059797000139951706,0.03636827785521746,0.2725846469402313,0.10597140674479305
293,0.0017823373221837755,0.040359977632761,0.06023525819182396,0.04389979690313339,0.03232983499765396,0.030323810875415802,0.05035380646586418,0.03959243275225163
294,0.001640655036524414,0.04291190207004547,0.11930777877569199,0.07044260203838348,0.03140833601355553,0.025518436916172504,0.23166930675506592,0.07308065679855645
295,0.0017764501633986927,0.05319404602050781,0.15938903391361237,0.09708990901708603,0.04437914863228798,0.02661930862814188,0.2987801134586334,0.09490153499878942
296,0.0019436034217608612,0.05310002341866493,0.12997910380363464,0.08329953998327255,0.04776318371295929,0.033997911028563976,0.1849299818277359,0.07621640606783331
297,0.0019991409554017685,0.052628397941589355,0.08542859554290771,0.06283403933048248,0.048947229981422424,0.036610894836485386,0.12238747626543045,0.06225808427669108
298,0.001847456507112649,0.05455790460109711,0.12805426120758057,0.09069149941205978,0.05343375355005264,0.02819987665861845,0.23030327260494232,0.08526989656500518
299,0.00226220083621684,0.07579247653484344,0.20395730435848236,0.13222971558570862,0.06979072839021683,0.037216758355498314,0.34652167558670044,0.1228729793988168
300,0.002503634419454056,0.08180935680866241,0.20492732524871826,0.13310135900974274,0.07321847230195999,0.047756677493453026,0.3344947397708893,0.1251998501084745
301,0.0025778847078046906,0.08256866782903671,0.19191356003284454,0.13415129482746124,0.08093244582414627,0.05058480054140091,0.2606514096260071,0.11644495844841003
302,0.002256403787004998,0.07703493535518646,0.18843106925487518,0.1323069930076599,0.07780900597572327,0.04626980610191822,0.2624364495277405,0.11357243763282895
303,0.0024659686178392926,0.09074573963880539,0.2376503199338913,0.1651007980108261,0.09472564607858658,0.048340585082769394,0.3260413408279419,0.13813635129481555
304,0.0026785671376393693,0.09518187493085861,0.2588117718696594,0.17359741032123566,0.09299326688051224,0.05306692607700825,0.3586759567260742,0.1467563802935183
305,0.0029749675605536333,0.11108527332544327,0.29074907302856445,0.19689078629016876,0.10296103358268738,0.06025570631027222,0.3901110887527466,0.16428713433444497
306,0.0026445357554786618,0.1011112704873085,0.2627396583557129,0.18237251043319702,0.10070870071649551,0.05180344171822071,0.34093376994132996,0.14894516194239257
307,0.00297869208958093,0.11474210023880005,0.2915070950984955,0.20457905530929565,0.12007461488246918,0.062393445521593094,0.3276882469654083,0.16120384234935045
308,0.00332735606497501,0.11570298671722412,0.272840291261673,0.20080354809761047,0.12261209636926651,0.07405085116624832,0.32576119899749756,0.16264963559806347
309,0.003446781286043829,0.12123455107212067,0.2424132525920868,0.1922711282968521,0.1334458589553833,0.08858182281255722,0.23895852267742157,0.15329936273396016
310,0.00311791138023837,0.1192309558391571,0.2643798589706421,0.20736408233642578,0.14755873382091522,0.08462616428732872,0.280965119600296,0.16474054750055075
311,0.003415933775470973,0.14516586065292358,0.37609562277793884,0.2759934365749359,0.17135931551456451,0.08180044963955879,0.48154762387275696,0.22227272111922503
312,0.003940401528258362,0.159946471452713,0.4434543550014496,0.3148243725299835,0.17946238815784454,0.08612071350216866,0.5723782777786255,0.2514932038262486
313,0.004462916906958861,0.19229064881801605,0.5446301102638245,0.37454932928085327,0.20925480127334595,0.10475815832614899,0.7599404454231262,0.3111758124828339
314,0.004150657199154171,0.18944571912288666,0.5360161066055298,0.3665851354598999,0.21145784854888916,0.10597200691699982,0.799689531326294,0.3150387972593307
315,0.0035750672818146865,0.15500225126743317,0.3999214172363281,0.28949683904647827,0.19618330895900726,0.09179649502038956,0.49287429451942444,0.23597431652247905
316,0.003810373414071511,0.1544078141450882,0.38804569840431213,0.2797691226005554,0.19304373860359192,0.09145166352391243,0.5263004302978516,0.23778395447880027
317,0.003819414407920031,0.154051274061203,0.3892052173614502,0.2791036069393158,0.18034473061561584,0.08876455947756767,0.5088615417480469,0.2321699781343341
318,0.0033197568242983467,0.14243455231189728,0.383095920085907,0.26766517758369446,0.15465858578681946,0.08605534210801125,0.4911002218723297,0.21865791935473683
319,0.003095353950403691,0.12739044427871704,0.33806905150413513,0.23688241839408875,0.14000776410102844,0.0702006183564663,0.41670629382133484,0.19070966240018605
320,0.0033476907920030755,0.13384364545345306,0.33238446712493896,0.23600146174430847,0.14507591724395752,0.07224959880113602,0.41100192070007324,0.19250766180455686
321,0.0038118452037677816,0.15327072143554688,0.40052154660224915,0.27665281295776367,0.16249532997608185,0.09390899911522865,0.5152327418327332,0.2299794841185212
322,0.0038901203863898498,0.17255011200904846,0.5451990962028503,0.35813942551612854,0.1553165465593338,0.08443094417452812,0.7127518057823181,0.28189539413899184
323,0.004229082564398308,0.20425060391426086,0.7272087931632996,0.46572762727737427,0.15584850311279297,0.08893325179815292,0.9444898962974548,0.3523394256085157
324,0.004243049548250673,0.19507896900177002,0.7160500288009644,0.45096445083618164,0.13514968752861023,0.08362537994980812,0.9109106063842773,0.33669070426374675
325,0.004292519703960015,0.17527182400226593,0.593630313873291,0.366551011800766,0.1203431710600853,0.09279348701238632,0.7325497269630432,0.2827748315781355
326,0.003734350970780469,0.15197594463825226,0.45170503854751587,0.28290557861328125,0.11102385818958282,0.09254364855587482,0.552668035030365,0.22733730079606176
327,0.0036723255478662052,0.14133720099925995,0.3683265149593353,0.2225712388753891,0.10890832543373108,0.0916539616882801,0.39538681507110596,0.18546980429440735
328,0.0038958273260284505,0.1458956003189087,0.32153815031051636,0.20215290784835815,0.11192860454320908,0.10578765533864498,0.3127804398536682,0.1720602432452142
329,0.0040673358804306035,0.1566064953804016,0.3060093820095062,0.20176993310451508,0.09418204426765442,0.10870656929910183,0.291864275932312,0.1688066332601011
330,0.004019307477893118,0.16237640380859375,0.2918615937232971,0.18971389532089233,0.0949275866150856,0.1689223051071167,0.3059036433696747,0.17971187874674796
331,0.004324448529411765,0.1877531111240387,0.2983750104904175,0.20894218981266022,0.1432207226753235,0.21986114978790283,0.34335899353027344,0.21383379980921746
332,0.004495206170703575,0.19123302400112152,0.26945772767066956,0.19375476241111755,0.14106903970241547,0.23116322234272957,0.26862818002700806,0.2012313485518098
333,0.004076767349096501,0.15812095999717712,0.18250113725662231,0.13542407751083374,0.13444004952907562,0.23907404206693172,0.1964656561613083,0.16769790386781097
334,0.00353770184544406,0.14324620366096497,0.13138295710086823,0.10127265006303787,0.1251484602689743,0.24226293340325356,0.08872079104185104,0.13814925361424685
335,0.0032308186755094196,0.12583310902118683,0.07685498893260956,0.07036739587783813,0.1225704774260521,0.2169908545911312,0.05504598096013069,0.11625815458595752
336,0.0033880298442906572,0.1217375099658966,0.07926023751497269,0.07271061837673187,0.11872696876525879,0.2062221821397543,0.05657748505473137,0.11352728018537163
337,0.0030097198193002692,0.10105327516794205,0.05866621807217598,0.05682878941297531,0.11072690784931183,0.16806540451943874,0.05636570230126381,0.09642733367159963
338,0.002584012158785083,0.0888887494802475,0.08205395936965942,0.06770142167806625,0.10911659151315689,0.12344734743237495,0.08230751752853394,0.09212070595473051
339,0.0034560926086120726,0.13677555322647095,0.19225731492042542,0.1411912441253662,0.13023994863033295,0.1476399414241314,0.17990262806415558,0.1450190743431449
340,0.005673418877354864,0.24723824858665466,0.31918632984161377,0.2738878130912781,0.21076957881450653,0.20056521892547607,0.33472222089767456,0.2525244599580765
341,0.00514273356401384,0.18778546154499054,0.2756606638431549,0.22980600595474243,0.16489730775356293,0.1614529937505722,0.24627643823623657,0.1984678569436073
342,0.004569636678200692,0.213911235332489,0.44517630338668823,0.3345505893230438,0.2105976790189743,0.17122161388397217,0.5798051953315735,0.2911014920473099
343,0.005762447135717032,0.23951449990272522,0.5077237486839294,0.36563125252723694,0.1629732847213745,0.16424701362848282,0.5369712114334106,0.28908930338919164
344,0.0058435757881584,0.21196122467517853,0.37671563029289246,0.2857567071914673,0.13886600732803345,0.16933496296405792,0.32052916288375854,0.22629168242216108
345,0.004653528690888121,0.16931600868701935,0.31464502215385437,0.23786571621894836,0.1324070692062378,0.14359227567911148,0.30439555644989014,0.1956987240165472
346,0.004980235966935794,0.23237182199954987,0.3007010519504547,0.25828954577445984,0.15574900805950165,0.18160754442214966,0.2169511616230011,0.21411612018942833
347,0.00559241037101115,0.22872041165828705,0.20445775985717773,0.20122763514518738,0.19086584448814392,0.25659961998462677,0.20249246060848236,0.21583866819739342
348,0.00673292723952326,0.30996403098106384,0.49375811219215393,0.3356437683105469,0.21542483568191528,0.3009725734591484,0.4988517761230469,0.32617152415215966
